item_id,product_name,category,price,cost,essential,shelf_life_days,supplier,lead_time_days,base_daily_demand
P001,矿泉水,饮料,2.0,1.1,1,365,供应商A,1,24
P002,桶装水,饮料,8.0,5.2,1,365,供应商A,1,6
P003,可乐,饮料,3.5,2.2,0,270,供应商A,1,16
P004,雪碧,饮料,3.5,2.2,0,270,供应商A,1,13
P005,橙汁,饮料,5.0,3.2,0,180,供应商A,2,8
P006,牛奶,乳品,3.5,2.4,1,7,供应商B,1,14
P007,酸奶,乳品,5.0,3.3,0,14,供应商B,1,9
P008,鸡蛋,生鲜,12.0,8.5,1,20,供应商B,1,12
P009,大米5kg,粮油,35.0,28.0,1,365,供应商C,2,4
P010,食用油5L,粮油,65.0,53.0,1,540,供应商C,2,3
P011,挂面,粮油,8.0,5.5,1,365,供应商C,2,7
P012,面粉2.5kg,粮油,18.0,14.0,1,365,供应商C,2,4
P013,食盐,调味,2.5,1.4,1,730,供应商C,2,5
P014,酱油,调味,8.0,5.6,1,540,供应商C,2,5
P015,食醋,调味,6.0,4.0,1,540,供应商C,2,4
P016,方便面红烧,方便食品,5.0,3.4,1,180,供应商D,1,15
P017,方便面香辣,方便食品,5.0,3.4,0,180,供应商D,1,10
P018,火腿肠,方便食品,3.0,1.9,0,180,供应商D,1,10
P019,八宝粥,方便食品,6.0,4.1,0,365,供应商D,1,7
P020,榨菜,方便食品,2.0,1.2,0,365,供应商D,1,6
P021,面包,烘焙,6.0,3.8,0,5,供应商B,1,12
P022,蛋糕,烘焙,8.0,5.2,0,4,供应商B,1,7
P023,饼干,零食,7.0,4.4,0,270,供应商D,1,9
P024,薯片,零食,6.0,3.8,0,180,供应商D,1,10
P025,瓜子,零食,8.0,5.0,0,240,供应商D,1,6
P026,花生,零食,7.0,4.3,0,240,供应商D,1,6
P027,巧克力,零食,8.0,5.2,0,300,供应商D,2,5
P028,棒棒糖,零食,1.0,0.5,0,365,供应商D,2,9
P029,冰淇淋,冷饮,5.0,3.0,0,180,供应商A,1,14
P030,雪糕,冷饮,3.0,1.7,0,180,供应商A,1,17
P031,纸巾,日用品,5.0,3.2,1,1095,供应商E,2,8
P032,卷纸,日用品,18.0,13.0,1,1095,供应商E,2,5
P033,洗衣液,日用品,25.0,18.0,0,1095,供应商E,3,3
P034,洗洁精,日用品,12.0,8.0,0,1095,供应商E,3,4
P035,牙膏,日用品,12.0,8.5,0,1095,供应商E,3,4
P036,牙刷,日用品,6.0,3.5,0,1095,供应商E,3,4
P037,香皂,日用品,5.0,3.0,0,1095,供应商E,3,4
P038,垃圾袋,日用品,8.0,5.0,0,1095,供应商E,3,4
P039,电池,日用品,10.0,6.5,0,1095,供应商E,3,3
P040,打火机,日用品,2.0,1.0,0,1095,供应商E,3,5
P041,苹果,水果,8.0,5.0,0,10,供应商B,1,8
P042,香蕉,水果,6.0,3.8,0,6,供应商B,1,9
P043,橙子,水果,9.0,6.0,0,14,供应商B,1,6
P044,西红柿,蔬菜,6.0,3.8,1,7,供应商B,1,8
P045,土豆,蔬菜,5.0,3.0,1,30,供应商B,1,7
P046,青菜,蔬菜,4.0,2.2,1,3,供应商B,1,10
P047,火锅底料,调味,12.0,8.0,0,365,供应商C,2,4
P048,速冻水饺,冷冻食品,18.0,12.5,0,180,供应商D,2,5
P049,口罩10只,应急用品,10.0,6.0,1,1095,供应商E,3,3
P050,创可贴,应急用品,5.0,2.8,1,1095,供应商E,3,3
